phone,email,username,first_name,last_name,password_hash
+79161234501,ivanov.ivan@mail.ru,ivanov_ivan,Иван,Иванов,5f4dcc3b5aa765d61d8327deb882cf99
+79161234502,petrov.petr@yandex.ru,petrov_p,Пётр,Петров,e99a18c428cb38d5f260853678922e03
+79161234503,sidorova.anna@gmail.com,annasid,Анна,Сидорова,d8578edf8458ce06fbc5bb76a58c5ca4
+79161234504,kuznetsov.dm@inbox.ru,dkuznetsov,Дмитрий,Кузнецов,25d55ad283aa400af464c76d713c07ad
+79161234505,morozova.elena@bk.ru,morozova_el,Елена,Морозова,827ccb0eea8a706c4c34a16891f84e7b
+79161234506,novikov.alex@list.ru,alex_novikov,Алексей,Новиков,e10adc3949ba59abbe56e057f20f883e
+79161234507,volkova.maria@rambler.ru,mvolkova,Мария,Волкова,0192023a7bbd73250516f069df18b500
+79161234508,fedorov.sergey@mail.ru,sfedorov,Сергей,Фёдоров,098f6bcd4621d373cade4e832627b4f6
+79161234509,kozlova.olga@yandex.ru,olgakoz,Ольга,Козлова,5ebe2294ecd0e0f08eab7690d2a6ee69
+79161234510,lebedev.andrey@gmail.com,alebedev,Андрей,Лебедев,e99a18c428cb38d5f260853678922e03
+79171234511,sokolov.nikita@mail.ru,nsokolov,Никита,Соколов,1a1dc91c907325c69271ddf0c944bc72
+79171234512,popova.tatyana@yandex.ru,tatyanapop,Татьяна,Попова,d41d8cd98f00b204e9800998ecf8427e
+79171234513,smirnov.artem@gmail.com,artem_smir,Артём,Смирнов,c4ca4238a0b923820dcc509a6f75849b
+79171234514,pavlova.natalia@inbox.ru,npavlova,Наталья,Павлова,c81e728d9d4c2f636f067f89cc14862c
+79171234515,egorov.roman@bk.ru,egorov_r,Роман,Егоров,eccbc87e4b5ce2fe28308fd9f2a7baf3
+79251234516,nikolaeva.daria@list.ru,daria_nik,Дарья,Николаева,a87ff679a2f3e71d9181a67b7542122c
+79251234517,zakharov.max@rambler.ru,maxzakharov,Максим,Захаров,e4da3b7fbbce2345d7772b0674a318d5
+79251234518,orlova.ekaterina@mail.ru,katyaorlova,Екатерина,Орлова,1679091c5a880faf6fb5e6087eb1b2dc
+79251234519,titov.vladimir@yandex.ru,vtitov,Владимир,Титов,8f14e45fceea167a5a36dedd4bea2543
+79251234520,guseva.irina@gmail.com,irinagus,Ирина,Гусева,c9f0f895fb98ab9159f51fd0297e236d
+79261234521,karpov.denis@inbox.ru,dkarpov,Денис,Карпов,45c48cce2e2d7fbdea1afc51c7c6ad26
+79261234522,belova.svetlana@bk.ru,sbelova,Светлана,Белова,d3d9446802a44259755d38e6d163e820
+79261234523,orlov.konstantin@list.ru,k_orlov,Константин,Орлов,6512bd43d9caa6e02c990b0a82652dca
+79261234524,sorokina.yuliya@rambler.ru,yuliasor,Юлия,Сорокина,c20ad4d76fe97759aa27a0c99bff6710
+79261234525,baranov.yuriy@mail.ru,ybaranov,Юрий,Баранов,c51ce410c124a10e0db5e4b97fc2af39
+79031234526,makarova.vera@yandex.ru,veramak,Вера,Макарова,aab3238922bcc25a6f606eb525ffdc56
+79031234527,vinogradov.igor@gmail.com,igor_vin,Игорь,Виноградов,9bf31c7ff062936a96d3c8bd1f8f2ff3
+79031234528,egorova.polina@inbox.ru,polinaegorova,Полина,Егорова,c74d97b01eae257e44aa9d5bade97baf
+79031234529,frolov.viktor@bk.ru,vfrolov,Виктор,Фролов,70efdf2ec9b086079795c442636b55fb
+79031234530,gerasimova.lidia@list.ru,lgerasimova,Лидия,Герасимова,6f4922f45568161a8cdf4ad2299f6d23
+79991234531,tarasov.pavel@rambler.ru,ptarasov,Павел,Тарасов,1f0e3dad99908345f7439f8ffabdffc4
+79991234532,medvedeva.alina@mail.ru,alinamed,Алина,Медведева,98f13708210194c475687be6106a3b84
+79991234533,belov.mikhail@yandex.ru,mbelov,Михаил,Белов,3c59dc048e8850243be8079a5c74d079
+79991234534,fadeeva.ksenia@gmail.com,kseniafad,Ксения,Фадеева,b6d767d2f8ed5d21a44b0e5886680cb9
+79991234535,korolev.georgy@inbox.ru,georgykor,Георгий,Королёв,37693cfc748049e45d87b8c7d8b9aacd
+79851234536,chernova.valentina@bk.ru,vchernova,Валентина,Чернова,1ff1de774005f8da13f42943881c655f
+79851234537,gavrilov.oleg@list.ru,oleg_gav,Олег,Гаврилов,8e296a067a37563370ded05f5a3bf3ec
+79851234538,kalashnikova.lyubov@rambler.ru,lyubakal,Любовь,Калашникова,4e732ced3463d06de0ca9a15b6153677
+79851234539,volkov.stanislav@mail.ru,svolkov,Станислав,Волков,02e74f10e0327ad868d138f2b4fdd6f0
+79851234540,kulikova.marina@yandex.ru,mkulikova,Марина,Куликова,33e75ff09dd601bbe69f351039152189
+79771234541,nikitin.vadim@gmail.com,vadim_nik,Вадим,Никитин,6ea9ab1baa0efb9e19094440c317e21b
+79771234542,romanova.anastasia@inbox.ru,nastya_rom,Анастасия,Романова,34173cb38f07f89ddbebc2ac9128303f
+79771234543,polyakov.timur@bk.ru,timurpol,Тимур,Поляков,c16a5320fa475530d9583c34fd356ef5
+79771234544,golubeva.zhanna@list.ru,zhannagol,Жанна,Голубева,6364d3f0f495b6ab9dcf8d3b5c6e0b01
+79771234545,shcherbakov.evgeny@rambler.ru,evg_shch,Евгений,Щербаков,182be0c5cdcd5072bb1864cdee4d3d6e
+79671234546,bogdanova.larisa@mail.ru,larisabog,Лариса,Богданова,e369853df766fa44e1ed0ff613f563bd
+79671234547,savin.kirill@yandex.ru,kirill_sav,Кирилл,Савин,1c383cd30b7c298ab50293adfecb7b18
+79671234548,gorbunova.galina@gmail.com,galinagob,Галина,Горбунова,19ca14e7ea6328a42e0eb13d585e4c22
+79671234549,semyonov.ruslan@inbox.ru,ruslan_sem,Руслан,Семёнов,a5bfc9e07964f8dddeb95fc584cd965d
+79671234550,kruglova.tamara@bk.ru,tamarakrug,Тамара,Круглова,a5771bce93e200c36f7cd9dfd0e5deaa
+79151234551,loginov.anton@list.ru,antonlog,Антон,Логинов,d67d8ab4f4c10bf22aa353e27879133c
+79151234552,komarova.nina@rambler.ru,ninakom,Нина,Комарова,d645920e395fedad7bbbed0eca3fe2e0
+79151234553,efimov.grigory@mail.ru,grisha_ef,Григорий,Ефимов,3416a75f4cea9109507cacd8e2f2aefc
+79151234554,afanasyeva.ludmila@yandex.ru,lyudaaf,Людмила,Афанасьева,a1d0c6e83f027327d8461063f4ac58a6
+79151234555,zhukov.valery@gmail.com,valera_zh,Валерий,Жуков,17e62166fc8586dfa4d1bc0e1742c08b
+79291234556,gromova.oksana@inbox.ru,oksanagr,Оксана,Громова,f7177163c833dff4b38fc8d2872f1ec6
+79291234557,lazarev.ilya@bk.ru,ilyalaz,Илья,Лазарев,6c8349cc7260ae62e3b1396831a8398f
+79291234558,melnikova.raisa@list.ru,raisamel,Раиса,Мельникова,d9d4f495e875a2e075a1a4a6e1b9770f
+79291234559,zaytsev.stepan@rambler.ru,stepanzay,Степан,Зайцев,67c6a1e7ce56d3d6fa748ab6d9af3fd7
+79291234560,mishchenko.nadezhda@mail.ru,nadyamish,Надежда,Мищенко,642e92efb79421734881b53e1e1b18b6
+79651234561,grachev.artyom@yandex.ru,artyom_gr,Артём,Грачёв,f457c545a9ded88f18ecee47145a72c0
+79651234562,ershova.alla@gmail.com,alla_ersh,Алла,Ершова,c0c7c76d30bd3dcaefc96f40275bdc0a
+79651234563,maltsev.vyacheslav@inbox.ru,slava_mal,Вячеслав,Мальцев,2838023a778dfaecdc212708f721b788
+79651234564,nesterova.regina@bk.ru,reginanest,Регина,Нестерова,9a1158154dfa42caddbd0694a4e9bdc8
+79651234565,bulatov.rafail@list.ru,rafail_bul,Рафаил,Булатов,d82c8d1619ad8176d665453cfb2e55f0
+79121234566,danilova.zoya@rambler.ru,zoyadanil,Зоя,Данилова,a684eceee76fc522773286a895bc8436
+79121234567,safronov.boris@mail.ru,boris_saf,Борис,Сафронов,b53b3a3d6ab90ce0268229151c9bde11
+79121234568,trofimova.elizaveta@yandex.ru,lizatrof,Елизавета,Трофимова,9f61408e3afb633e50cdf1b20de6f466
+79121234569,sergeev.leonid@gmail.com,leonid_ser,Леонид,Сергеев,72b32a1f754ba1c09b3c8b6c88e6b6de
+79121234570,rybakova.vasilisa@inbox.ru,vasilisaryb,Василиса,Рыбакова,66f041e16a60928b05a7e228a89c3799
+79681234571,shestakov.gennadiy@bk.ru,gena_shest,Геннадий,Шестаков,093f65e080a295f8076b1c5722a46aa2
+79681234572,panina.kristina@list.ru,kristinapan,Кристина,Панина,072b030ba126b2f4b2374f342be9ed44
+79681234573,lobanov.fedor@rambler.ru,fedor_lob,Фёдор,Лобанов,7f39f8317fbdb1988ef4c628eba02591
+79681234574,mironova.veronika@mail.ru,veronikmir,Вероника,Миронова,44f683a84163b3523afe57c2e008bc8c
+79681234575,belyakov.timofey@yandex.ru,timofeyb,Тимофей,Беляков,03afdbd66e7929b125f8597834fa83a4
+79101234576,matveeva.antonina@gmail.com,tonyamatv,Антонина,Матвеева,ea5d2f1c4608232e07d3aa3d998e5135
+79101234577,kulikov.filipp@inbox.ru,filippkul,Филипп,Куликов,fc490ca45c00b1249bbe3554a4fdf6fb
+79101234578,yakovleva.diana@bk.ru,dianayak,Диана,Яковлева,3295c76acbf4caaed33c36b1b5fc2cb1
+79101234579,davydov.matvey@list.ru,matveydav,Матвей,Давыдов,735b90b4568125ed6c3f678819b6e058
+79101234580,suvorova.milana@rambler.ru,milanasuv,Милана,Суворова,a3f390d88e4c41f2747bfa2f1b5f87db
+79371234581,prokhorov.semyon@mail.ru,semyonprokh,Семён,Прохоров,14bfa6bb14875e45bba028a21ed38046
+79371234582,tikhonova.kira@yandex.ru,kiratikh,Кира,Тихонова,7cbbc409ec990f19c78c75bd1e06f215
+79371234583,kolesnikov.mark@gmail.com,markkoles,Марк,Колесников,e2c420d928d4bf8ce0ff2ec19b371514
+79371234584,bykova.eva@inbox.ru,evabykova,Ева,Быкова,32bb90e8976aab5298d5da10fe66f21d
+79371234585,panteleev.gleb@bk.ru,gleb_pant,Глеб,Пантелеев,d2ddea18f00665ce8623e36bd4e3c7c5
+79051234586,vinokurova.ulyana@list.ru,ulyanavin,Ульяна,Винокурова,ad61ab143223efbc24c7d2583be69251
+79051234587,shiryaev.daniil@rambler.ru,daniil_shir,Даниил,Ширяев,d09bf41544a3365a46c9077ebb5e35c3
+79051234588,fokina.alevtina@mail.ru,alevtinafok,Алевтина,Фокина,fbd7939d674997cdb4692d34de8633c4
+79051234589,ushakov.yaroslav@yandex.ru,yaroslav_ush,Ярослав,Ушаков,28dd2c7955ce926456240b2ff0100bde
+79051234590,kharitonova.sofia@gmail.com,sofiakhar,София,Харитонова,35f4a8d465e6e1edc05f3d8ab658c551
+79641234591,terentyev.vladislav@inbox.ru,vladter,Владислав,Терентьев,d1fe173d08e959397adf34b1d77e88d7
+79641234592,simonova.valeriya@bk.ru,valeriyasim,Валерия,Симонова,f033ab37c30201f73f142449d037028d
+79641234593,kolokoltsev.platon@list.ru,platonkol,Платон,Колокольцев,43ec517d68b6edd3015b3edc9a11367b
+79641234594,kovalchuk.lilia@rambler.ru,liliakoval,Лилия,Ковальчук,9778d5d219c5080b9a6a17bef029331c
+79641234595,naumov.robert@mail.ru,robert_naum,Роберт,Наумов,fe9fc289c3ff0af142b6d3bead98a923
+79321234596,akimova.snezhana@yandex.ru,snezhanaak,Снежана,Акимова,68d30a9594728bc39aa24be94b319d21
+79321234597,fomin.lev@gmail.com,levfomin,Лев,Фомин,3ef815416f775098fe977004015c6193
+79321234598,zhukova.angelina@inbox.ru,angelinazhuk,Ангелина,Жукова,93db85ed909c13838ff95ccfa94cebd9
+79321234599,novoselov.ivan@bk.ru,ivannov,Иван,Новосёлов,c7e1249ffc03eb9ded908c236bd1996d
+79321234600,grigoreva.alisa@list.ru,alisagrig,Алиса,Григорьева,2a38a4a9316c49e5a833517c45d31070
